date,state_id,state_name,lat,lon,no2_col,so2_col,co_col,o3_col,hcho_col,aod,temp_era5,humidity_era5,wind_speed_era5,wind_u_era5,wind_v_era5,fire_count
2023-01-01,dl,Delhi,28.65,77.23,9.72e-05,0.00034919,0.069441,0.127475,0.0015627,0.6849,17.24,34.3,4.35,4.281,-0.762,9
2023-01-01,up,Uttar Pradesh,26.85,80.91,0.0001053,0.00036404,0.078749,0.132598,0.00163745,0.7747,15.67,30.9,4.74,4.483,-1.526,7
2023-01-01,hr,Haryana,29.06,76.09,9.097e-05,0.00027621,0.063888,0.138341,0.00115843,0.5915,15.64,40.4,5.0,0.732,-4.942,10
2023-01-01,pb,Punjab,31.15,75.34,9.439e-05,0.00034309,0.073456,0.142868,0.00158999,0.7425,17.38,28.3,2.92,1.502,-2.509,9
2023-01-01,rj,Rajasthan,27.02,74.22,9.67e-05,0.00032361,0.074303,0.147698,0.00162441,0.7618,21.34,32.6,1.87,0.906,-1.631,11
2023-01-01,mh,Maharashtra,19.75,75.71,5.199e-05,0.00022005,0.042814,0.178489,0.00098512,0.5186,20.69,28.7,6.01,-0.809,-5.957,9
2023-01-01,gj,Gujarat,22.26,71.19,6.207e-05,0.00022901,0.042418,0.173443,0.00083364,0.3918,19.73,36.7,5.79,4.055,-4.134,5
2023-01-01,wb,West Bengal,22.99,87.85,5.837e-05,0.00017259,0.037279,0.178262,0.00091774,0.2884,25.02,20,3.27,2.43,-2.194,4
2023-01-01,ka,Karnataka,15.32,75.71,6.351e-05,0.00020403,0.046754,0.183408,0.00110387,0.5065,19.59,39.0,4.83,2.307,-4.248,3
2023-01-01,tn,Tamil Nadu,11.13,78.66,4.38e-05,0.00014166,0.035381,0.191365,0.00065937,0.3178,23.95,35.1,2.19,2.073,-0.691,3
2023-01-01,kl,Kerala,10.85,76.27,4.301e-05,9.797e-05,0.025475,0.205373,0.00070817,0.1744,28.56,38.1,6.3,5.772,-2.525,3
2023-01-01,br,Bihar,25.1,85.31,9.826e-05,0.00034201,0.078111,0.131359,0.00161074,0.6421,18.66,35.4,5.24,5.234,-0.142,7
2023-01-01,mp,Madhya Pradesh,22.97,78.66,5.961e-05,0.00021191,0.044812,0.183267,0.00092721,0.4248,20.66,36.4,3.27,1.589,-2.852,9
2023-01-01,ap,Andhra Pradesh,15.91,79.74,5.144e-05,0.00019764,0.045157,0.182329,0.00093714,0.4669,23.02,20,4.45,3.501,-2.746,3
2023-01-01,tg,Telangana,18.11,79.02,5.259e-05,0.00020547,0.036225,0.183664,0.00079464,0.2821,24.6,38.1,2.41,2.401,0.232,5
2023-01-01,or,Odisha,20.94,84.8,6.553e-05,0.00019928,0.045629,0.175962,0.00115998,0.3517,22.92,30.9,3.85,3.765,0.804,4
2023-01-01,jh,Jharkhand,23.61,85.28,7.826e-05,0.00022116,0.051426,0.176425,0.00111147,0.5462,22.02,36.2,5.17,3.516,-3.793,5
2023-01-01,ct,Chhattisgarh,21.27,81.87,5.654e-05,0.0002756,0.041621,0.164346,0.00092934,0.4659,22.75,43.7,3.61,-0.193,-3.609,3
2023-01-01,as,Assam,26.2,92.94,8.205e-05,0.00031417,0.069792,0.162552,0.00148808,0.6714,16.42,26.6,4.07,3.528,-2.029,9
2023-01-01,ut,Uttarakhand,30.07,79.02,0.00010206,0.00033499,0.07654,0.114064,0.00161474,0.7686,20.01,33.9,5.5,2.999,-4.613,5
2023-01-01,hp,Himachal Pradesh,31.1,77.17,0.0001047,0.00035167,0.081224,0.137166,0.00161675,0.7277,16.01,51.9,6.26,0.329,-6.251,7
2023-01-01,jk,Jammu and Kashmir,33.78,76.58,6.981e-05,0.0002241,0.044386,0.182012,0.00105408,0.5754,15.29,29.7,6.11,5.286,-3.059,4
2023-01-01,ga,Goa,15.3,74.08,6.258e-05,0.00021336,0.040582,0.191532,0.00089448,0.3785,23.31,28.7,0.75,0.573,-0.486,5
2023-01-01,tr,Tripura,23.94,91.99,6.012e-05,0.00021205,0.044485,0.177808,0.00086028,0.4362,23.31,25.3,3.49,2.925,-1.911,5
2023-01-01,ml,Meghalaya,25.47,91.37,0.00010581,0.00038324,0.080599,0.119568,0.00185345,0.8516,22.14,24.9,6.06,-0.455,-6.041,8
2023-01-01,mn,Manipur,24.66,93.91,6.111e-05,0.00020474,0.03491,0.171653,0.00096442,0.4753,23.48,47.8,0.92,0.85,-0.342,0
2023-01-01,nl,Nagaland,26.16,94.56,8.712e-05,0.00035844,0.068233,0.129398,0.0014821,0.6265,19.14,29.6,6.06,0.243,-6.055,9
2023-01-01,ar,Arunachal Pradesh,28.22,94.73,0.00010655,0.00033825,0.067558,0.14492,0.00153956,0.6491,21.41,39.7,3.75,1.638,-3.373,5
2023-01-01,mz,Mizoram,23.16,92.94,5.821e-05,0.00022842,0.055771,0.182343,0.00118482,0.6136,20.33,37.2,1.78,1.604,-0.77,3
2023-01-01,sk,Sikkim,27.53,88.51,0.00010589,0.00032791,0.070082,0.137429,0.00156073,0.767,17.11,30.8,1.58,0.82,-1.346,5
2023-02-01,dl,Delhi,28.65,77.23,9.094e-05,0.00033419,0.069221,0.133887,0.00144064,0.7054,17.04,46.9,3.78,3.273,-1.888,1
2023-02-01,up,Uttar Pradesh,26.85,80.91,0.00011574,0.00036465,0.07692,0.126591,0.00172864,0.7739,21.71,32.3,2.95,0.681,-2.867,9
2023-02-01,hr,Haryana,29.06,76.09,0.00010132,0.00030178,0.067804,0.14619,0.00136552,0.6651,16.66,55.2,4.02,0.011,-4.016,8
2023-02-01,pb,Punjab,31.15,75.34,9.056e-05,0.00026075,0.063246,0.15766,0.00140798,0.6008,16.54,39.4,2.35,1.707,-1.611,12
2023-02-01,rj,Rajasthan,27.02,74.22,9.284e-05,0.00030786,0.064436,0.147072,0.00154748,0.6452,21.0,44.4,4.96,1.532,-4.717,9
2023-02-01,mh,Maharashtra,19.75,75.71,6.279e-05,0.000199,0.045734,0.176727,0.00102787,0.4874,20.87,47.4,2.35,2.336,-0.224,2
2023-02-01,gj,Gujarat,22.26,71.19,6.243e-05,0.00022983,0.041431,0.16519,0.00087312,0.4381,21.82,45.7,3.73,3.469,-1.381,3
2023-02-01,wb,West Bengal,22.99,87.85,6.358e-05,0.00020226,0.045968,0.179619,0.00088238,0.3615,22.95,37.8,4.52,-0.943,-4.416,8
2023-02-01,ka,Karnataka,15.32,75.71,6.087e-05,0.0001829,0.046128,0.166199,0.00108294,0.4601,25.5,26.8,5.5,3.23,-4.448,4
2023-02-01,tn,Tamil Nadu,11.13,78.66,3.058e-05,0.00013048,0.029484,0.209202,0.00059246,0.2414,25.67,47.1,5.45,5.241,-1.492,5
2023-02-01,kl,Kerala,10.85,76.27,3.215e-05,0.00011208,0.022724,0.202445,0.00049721,0.2412,26.65,46.3,2.82,2.821,-0.001,0
2023-02-01,br,Bihar,25.1,85.31,0.00011063,0.00036305,0.075209,0.098685,0.00156362,0.7066,22.87,44.8,1.86,1.361,-1.272,0
2023-02-01,mp,Madhya Pradesh,22.97,78.66,6.164e-05,0.00020304,0.045126,0.188011,0.00087223,0.4062,20.52,29.5,5.01,4.946,-0.813,4
2023-02-01,ap,Andhra Pradesh,15.91,79.74,6.5e-05,0.00024066,0.047878,0.17743,0.00107136,0.4264,20.59,32.4,5.44,5.423,-0.397,7
2023-02-01,tg,Telangana,18.11,79.02,7.168e-05,0.00024267,0.048667,0.164613,0.00118446,0.5617,24.39,35.3,2.7,2.279,-1.449,2
2023-02-01,or,Odisha,20.94,84.8,6.772e-05,0.00023693,0.047223,0.18119,0.00103918,0.5222,19.84,30.5,4.96,4.609,-1.839,4
2023-02-01,jh,Jharkhand,23.61,85.28,6.173e-05,0.00022533,0.043613,0.175868,0.00103978,0.5779,21.68,39.5,4.83,2.399,-4.187,0
2023-02-01,ct,Chhattisgarh,21.27,81.87,6.282e-05,0.00024858,0.04484,0.179237,0.00101363,0.4514,20.69,51.6,2.41,1.681,-1.723,5
2023-02-01,as,Assam,26.2,92.94,0.00010401,0.00033757,0.075304,0.119664,0.00159495,0.7046,20.21,39.1,4.41,4.408,0.023,6
2023-02-01,ut,Uttarakhand,30.07,79.02,0.00010678,0.00031533,0.074089,0.130479,0.00168959,0.7135,19.55,46.3,4.67,4.45,-1.432,10
2023-02-01,hp,Himachal Pradesh,31.1,77.17,0.00010368,0.00037384,0.071889,0.112952,0.00154584,0.7257,18.58,45.6,4.13,3.705,-1.833,11
2023-02-01,jk,Jammu and Kashmir,33.78,76.58,6.039e-05,0.00023023,0.042131,0.177101,0.00090103,0.4668,14.47,49.8,2.59,0.595,-2.525,5
2023-02-01,ga,Goa,15.3,74.08,6.986e-05,0.00021595,0.036323,0.181819,0.00089508,0.4299,24.97,40.6,5.14,4.992,-1.235,1
2023-02-01,tr,Tripura,23.94,91.99,7.273e-05,0.00020016,0.037105,0.182143,0.00085071,0.3577,20.79,27.6,5.05,4.76,-1.68,4
2023-02-01,ml,Meghalaya,25.47,91.37,0.00010417,0.00031128,0.075491,0.137388,0.00162394,0.7248,20.7,45.3,5.64,4.027,-3.95,6
2023-02-01,mn,Manipur,24.66,93.91,5.693e-05,0.00019478,0.03781,0.167372,0.00096567,0.5013,19.12,34.2,2.44,2.343,-0.678,3
2023-02-01,nl,Nagaland,26.16,94.56,0.00011153,0.00033509,0.075683,0.135451,0.0015821,0.8183,18.49,39.7,5.63,5.489,-1.239,5
2023-02-01,ar,Arunachal Pradesh,28.22,94.73,8.937e-05,0.00035036,0.072366,0.129966,0.00161217,0.7195,19.84,57.3,3.32,-1.167,-3.112,4
2023-02-01,mz,Mizoram,23.16,92.94,6.813e-05,0.00022598,0.054876,0.171368,0.00098574,0.5133,22.59,40.0,2.17,0.856,-1.994,3
2023-02-01,sk,Sikkim,27.53,88.51,9.548e-05,0.00030797,0.062924,0.135995,0.0016065,0.6525,23.99,46.4,2.25,0.77,-2.118,8
2023-03-01,dl,Delhi,28.65,77.23,4.631e-05,0.00018939,0.040999,0.186395,0.00072595,0.3525,22.4,62.0,4.09,0.213,-4.08,67
2023-03-01,up,Uttar Pradesh,26.85,80.91,5.031e-05,0.00015538,0.0401,0.200345,0.00099217,0.3547,21.64,60.5,5.59,2.999,-4.719,66
2023-03-01,hr,Haryana,29.06,76.09,5.637e-05,0.000204,0.043739,0.171348,0.00090412,0.3617,20.91,70.0,5.11,3.436,-3.786,62
2023-03-01,pb,Punjab,31.15,75.34,5.362e-05,0.0002182,0.035295,0.180921,0.00100656,0.2938,22.8,40.2,3.86,2.475,-2.968,68
2023-03-01,rj,Rajasthan,27.02,74.22,5.175e-05,0.00018786,0.036304,0.182096,0.00076275,0.3698,20.8,57.0,4.87,4.869,-0.171,64
2023-03-01,mh,Maharashtra,19.75,75.71,3.184e-05,0.00014643,0.02522,0.201559,0.00038493,0.1831,28.06,64.7,0.5,0.299,-0.401,40
2023-03-01,gj,Gujarat,22.26,71.19,2.3e-05,8.638e-05,0.024785,0.201458,0.00040802,0.2161,24.52,46.9,3.51,1.79,-3.02,27
2023-03-01,wb,West Bengal,22.99,87.85,3.288e-05,9.392e-05,0.017625,0.2181,0.00035168,0.2479,22.99,49.8,6.18,4.637,-4.089,29
2023-03-01,ka,Karnataka,15.32,75.71,3.467e-05,0.00010863,0.029287,0.197774,0.00044221,0.1485,30.65,61.6,5.13,1.896,-4.768,36
2023-03-01,tn,Tamil Nadu,11.13,78.66,7.68e-06,5.592e-05,0.015538,0.227666,0.00035824,0.0462,29.01,56.6,4.53,4.351,-1.271,20
2023-03-01,kl,Kerala,10.85,76.27,2.25e-05,8.268e-05,0.01354,0.22656,0.00044347,0.1413,33.02,48.0,4.89,4.649,-1.499,21
2023-03-01,br,Bihar,25.1,85.31,5.696e-05,0.00017643,0.042556,0.189538,0.00088359,0.331,23.6,45.6,3.14,2.955,-1.072,63
2023-03-01,mp,Madhya Pradesh,22.97,78.66,3.266e-05,0.00010604,0.020711,0.199259,0.00054672,0.233,22.68,49.2,5.02,2.586,-4.297,42
2023-03-01,ap,Andhra Pradesh,15.91,79.74,2.395e-05,8.625e-05,0.018599,0.203059,0.00036388,0.1661,24.83,43.0,1.66,0.814,-1.447,36
2023-03-01,tg,Telangana,18.11,79.02,2.396e-05,9.101e-05,0.024321,0.211616,0.0004877,0.191,28.62,62.4,5.82,3.614,-4.556,48
2023-03-01,or,Odisha,20.94,84.8,2.493e-05,0.00011254,0.018217,0.213956,0.00034398,0.1998,26.37,59.3,3.81,3.709,0.869,37
2023-03-01,jh,Jharkhand,23.61,85.28,4.604e-05,0.00010681,0.024584,0.198796,0.00052305,0.2281,22.05,53.0,2.96,0.276,-2.943,31
2023-03-01,ct,Chhattisgarh,21.27,81.87,2.987e-05,0.00012991,0.02608,0.220838,0.00056945,0.1441,23.69,55.5,4.53,4.367,-1.217,30
2023-03-01,as,Assam,26.2,92.94,5.535e-05,0.00020053,0.032852,0.199788,0.00088544,0.4001,24.35,61.6,2.82,0.078,-2.814,68
2023-03-01,ut,Uttarakhand,30.07,79.02,4.908e-05,0.00016638,0.036998,0.179553,0.00080408,0.3753,20.81,49.1,5.18,5.082,1.004,58
2023-03-01,hp,Himachal Pradesh,31.1,77.17,3.371e-05,0.00014584,0.031648,0.197934,0.00075331,0.3593,21.72,47.8,2.88,0.416,-2.85,64
2023-03-01,jk,Jammu and Kashmir,33.78,76.58,3.291e-05,0.0001153,0.025489,0.202764,0.00051464,0.2426,17.75,58.4,6.96,4.185,-5.56,42
2023-03-01,ga,Goa,15.3,74.08,4.419e-05,0.00011832,0.025475,0.208047,0.00053885,0.276,28.11,53.4,6.64,5.081,-4.272,40
2023-03-01,tr,Tripura,23.94,91.99,3.363e-05,0.00013132,0.022467,0.196885,0.00043757,0.1229,24.55,51.2,3.94,-1.809,-3.5,39
2023-03-01,ml,Meghalaya,25.47,91.37,5.096e-05,0.00014275,0.026023,0.197147,0.00082159,0.3562,20.78,62.1,0.72,0.541,-0.47,68
2023-03-01,mn,Manipur,24.66,93.91,3.317e-05,0.00012529,0.024006,0.200059,0.00043206,0.1569,29.43,46.4,3.69,2.071,-3.048,38
2023-03-01,nl,Nagaland,26.16,94.56,4.999e-05,0.0001607,0.038893,0.177973,0.00080903,0.4035,21.75,62.5,3.42,2.687,-2.118,60
2023-03-01,ar,Arunachal Pradesh,28.22,94.73,5.015e-05,0.00016728,0.032955,0.193536,0.00070563,0.4021,23.76,58.9,2.23,0.464,-2.181,57
2023-03-01,mz,Mizoram,23.16,92.94,3.367e-05,0.00011689,0.019114,0.197342,0.00056265,0.1576,27.08,52.9,2.83,2.749,-0.653,41
2023-03-01,sk,Sikkim,27.53,88.51,5.211e-05,0.00016507,0.029768,0.194547,0.00060286,0.3554,18.62,69.6,3.56,0.768,-3.475,56
2023-04-01,dl,Delhi,28.65,77.23,4.94e-05,0.00014905,0.035916,0.202418,0.00072022,0.3818,29.71,68.1,2.61,1.411,-2.198,71
2023-04-01,up,Uttar Pradesh,26.85,80.91,5.204e-05,0.00016407,0.036293,0.187981,0.00079592,0.317,23.17,64.4,3.74,3.29,-1.778,66
2023-04-01,hr,Haryana,29.06,76.09,5.183e-05,0.00021035,0.034518,0.186423,0.00081095,0.4604,27.07,73.1,3.53,3.531,-0.049,58
2023-04-01,pb,Punjab,31.15,75.34,4.534e-05,0.00015129,0.031722,0.192257,0.00075493,0.3444,25.59,67.0,4.16,2.927,-2.963,60
2023-04-01,rj,Rajasthan,27.02,74.22,4.084e-05,0.00017242,0.036335,0.185352,0.00080574,0.3481,30.97,69.6,5.27,1.37,-5.091,58
2023-04-01,mh,Maharashtra,19.75,75.71,2.743e-05,0.0001091,0.022496,0.201682,0.00061419,0.1513,27.57,70.5,3.69,3.112,-1.98,36
2023-04-01,gj,Gujarat,22.26,71.19,2.716e-05,0.00010712,0.021934,0.21373,0.00048058,0.2557,27.89,67.2,0.75,0.488,-0.563,35
2023-04-01,wb,West Bengal,22.99,87.85,4.027e-05,0.00012149,0.022073,0.208516,0.00057228,0.1733,26.48,64.7,3.22,2.47,-2.072,34
2023-04-01,ka,Karnataka,15.32,75.71,3.362e-05,9.232e-05,0.027209,0.201036,0.0004491,0.1851,34.19,59.0,4.33,3.51,-2.534,36
2023-04-01,tn,Tamil Nadu,11.13,78.66,1.813e-05,3.978e-05,0.011756,0.220285,0.00026941,0.1286,33.74,77.8,1.78,0.557,-1.689,18
2023-04-01,kl,Kerala,10.85,76.27,2.168e-05,2.376e-05,0.008314,0.225074,0.00025645,0.0992,33.44,68.2,4.65,3.578,-2.969,27
2023-04-01,br,Bihar,25.1,85.31,5.011e-05,0.00018819,0.039737,0.177703,0.000863,0.3483,27.28,62.9,4.88,1.834,-4.519,66
2023-04-01,mp,Madhya Pradesh,22.97,78.66,3.395e-05,8.235e-05,0.024213,0.20833,0.00047731,0.1931,28.03,56.0,6.54,1.264,-6.413,36
2023-04-01,ap,Andhra Pradesh,15.91,79.74,3.471e-05,6.864e-05,0.027072,0.207643,0.0003799,0.1096,29.39,64.7,5.36,4.603,-2.742,31
2023-04-01,tg,Telangana,18.11,79.02,3.659e-05,8.326e-05,0.021903,0.197389,0.00046269,0.1918,29.72,73.3,4.44,3.988,-1.957,45
2023-04-01,or,Odisha,20.94,84.8,2.772e-05,0.00010664,0.022047,0.211634,0.00043429,0.2237,25.77,69.2,3.72,1.179,-3.53,47
2023-04-01,jh,Jharkhand,23.61,85.28,2.679e-05,0.00010747,0.023175,0.198274,0.00047186,0.1785,26.29,70.6,3.51,1.495,-3.172,36
2023-04-01,ct,Chhattisgarh,21.27,81.87,3.465e-05,9.051e-05,0.024912,0.2005,0.00065778,0.1443,30.1,54.4,6.68,6.544,-1.364,39
2023-04-01,as,Assam,26.2,92.94,3.442e-05,0.00015305,0.035949,0.178273,0.00078161,0.3665,24.33,54.9,3.34,2.162,-2.549,68
2023-04-01,ut,Uttarakhand,30.07,79.02,4.153e-05,0.00016376,0.041855,0.194171,0.00084755,0.3875,24.5,60.4,4.42,3.612,-2.549,66
2023-04-01,hp,Himachal Pradesh,31.1,77.17,5.36e-05,0.0001665,0.041652,0.193108,0.00082779,0.2869,24.73,63.3,3.35,3.301,0.579,60
2023-04-01,jk,Jammu and Kashmir,33.78,76.58,3.036e-05,0.00011099,0.023625,0.211525,0.00054698,0.2674,20.94,66.1,2.18,1.959,-0.958,42
2023-04-01,ga,Goa,15.3,74.08,3.509e-05,0.0001094,0.022409,0.200523,0.00060632,0.2847,32.05,66.7,2.89,1.964,-2.118,43
2023-04-01,tr,Tripura,23.94,91.99,3.646e-05,0.00011199,0.026183,0.205039,0.00047856,0.2492,27.91,58.1,3.71,3.682,-0.45,39
2023-04-01,ml,Meghalaya,25.47,91.37,3.972e-05,0.00012556,0.03498,0.191058,0.00078747,0.3053,26.96,56.3,4.33,-0.261,-4.321,63
2023-04-01,mn,Manipur,24.66,93.91,3.313e-05,0.00011393,0.021015,0.208897,0.00041213,0.2035,25.01,68.6,3.5,2.697,-2.228,34
2023-04-01,nl,Nagaland,26.16,94.56,4.58e-05,0.00016103,0.035688,0.189445,0.00081244,0.3196,26.85,80.9,4.51,4.271,-1.447,62
2023-04-01,ar,Arunachal Pradesh,28.22,94.73,3.641e-05,0.00013019,0.037672,0.191725,0.00055706,0.2282,29.42,58.1,4.04,3.943,-0.89,58
2023-04-01,mz,Mizoram,23.16,92.94,3.332e-05,0.0001072,0.019545,0.196506,0.00046056,0.2277,31.0,73.2,3.29,3.269,-0.389,33
2023-04-01,sk,Sikkim,27.53,88.51,4.937e-05,0.00017031,0.030782,0.199147,0.00072132,0.4488,25.63,77.7,4.97,0.844,-4.898,67
2023-05-01,dl,Delhi,28.65,77.23,5.964e-05,0.00021124,0.03971,0.180954,0.00099688,0.4311,28.36,82.5,2.14,1.01,-1.881,62
2023-05-01,up,Uttar Pradesh,26.85,80.91,3.958e-05,0.00015145,0.034476,0.17869,0.00086403,0.3613,31.56,75.8,2.24,0.61,-2.159,70
2023-05-01,hr,Haryana,29.06,76.09,3.049e-05,0.00018095,0.031591,0.209758,0.00068674,0.3321,30.79,69.6,5.31,2.298,-4.786,68
2023-05-01,pb,Punjab,31.15,75.34,5.701e-05,0.00017766,0.03879,0.169172,0.00078944,0.4258,25.89,86.9,3.06,2.495,-1.767,56
2023-05-01,rj,Rajasthan,27.02,74.22,5.012e-05,0.00017943,0.035499,0.195968,0.00060015,0.3836,27.88,73.1,5.11,4.344,-2.682,69
2023-05-01,mh,Maharashtra,19.75,75.71,3.166e-05,0.00011309,0.017083,0.226589,0.00059363,0.1921,32.42,73.5,2.75,2.729,-0.354,33
2023-05-01,gj,Gujarat,22.26,71.19,3.788e-05,0.00015874,0.017187,0.213818,0.0005491,0.2408,33.56,80.6,2.96,2.957,-0.138,33
2023-05-01,wb,West Bengal,22.99,87.85,4.406e-05,0.00012609,0.022597,0.198066,0.00046249,0.2747,33.71,67.4,3.63,3.575,-0.631,50
2023-05-01,ka,Karnataka,15.32,75.71,2.475e-05,7.287e-05,0.016216,0.200651,0.00031932,0.1714,36.94,77.1,2.76,0.689,-2.673,35
2023-05-01,tn,Tamil Nadu,11.13,78.66,1.204e-05,3.698e-05,0.013609,0.215534,0.00049248,0.0457,38.82,74.0,2.84,2.314,-1.653,25
2023-05-01,kl,Kerala,10.85,76.27,2.054e-05,8.995e-05,0.011454,0.232635,0.0002765,0.034,39.62,76.0,2.68,2.559,-0.783,21
2023-05-01,br,Bihar,25.1,85.31,5.137e-05,0.0001723,0.034484,0.184131,0.00080099,0.3317,35.45,80.5,5.13,1.925,-4.752,59
2023-05-01,mp,Madhya Pradesh,22.97,78.66,2.733e-05,0.00011458,0.021239,0.205759,0.00071472,0.2556,27.3,75.9,4.3,4.101,-1.307,45
2023-05-01,ap,Andhra Pradesh,15.91,79.74,3.6e-05,0.00010441,0.021622,0.189751,0.00050163,0.1502,37.79,74.7,1.48,0.619,-1.341,43
2023-05-01,tg,Telangana,18.11,79.02,3.415e-05,0.00013356,0.026033,0.211318,0.00050859,0.1882,37.96,75.8,6.99,6.878,1.257,33
2023-05-01,or,Odisha,20.94,84.8,3.588e-05,0.00013524,0.019812,0.211761,0.00056789,0.2017,33.53,81.3,5.02,1.07,-4.909,40
2023-05-01,jh,Jharkhand,23.61,85.28,2.781e-05,0.00010882,0.021677,0.203728,0.00063764,0.2255,31.64,83.6,4.87,1.046,-4.76,38
2023-05-01,ct,Chhattisgarh,21.27,81.87,2.963e-05,9.531e-05,0.027384,0.215833,0.00051639,0.2641,30.29,75.9,3.68,-1.97,-3.105,42
2023-05-01,as,Assam,26.2,92.94,4.836e-05,0.00017502,0.037997,0.180548,0.0007942,0.3454,31.51,72.8,3.84,2.37,-3.021,68
2023-05-01,ut,Uttarakhand,30.07,79.02,4.319e-05,0.00016851,0.035144,0.183096,0.00076462,0.4032,27.02,76.4,3.46,2.945,-1.824,65
2023-05-01,hp,Himachal Pradesh,31.1,77.17,4.514e-05,0.00016668,0.038373,0.204793,0.00073563,0.3921,28.89,64.0,2.57,0.395,-2.537,62
2023-05-01,jk,Jammu and Kashmir,33.78,76.58,2.764e-05,8.858e-05,0.020468,0.216052,0.00045573,0.2041,28.43,74.7,2.74,0.208,-2.734,49
2023-05-01,ga,Goa,15.3,74.08,3.319e-05,0.00012518,0.022673,0.198471,0.00067411,0.2283,39.82,72.6,3.69,3.442,-1.327,38
2023-05-01,tr,Tripura,23.94,91.99,2.66e-05,0.00010569,0.025635,0.210966,0.00058368,0.2926,30.77,83.8,5.58,2.434,-5.016,38
2023-05-01,ml,Meghalaya,25.47,91.37,5.144e-05,0.00017501,0.033425,0.192585,0.00093589,0.4257,33.79,77.0,5.38,2.836,-4.576,73
2023-05-01,mn,Manipur,24.66,93.91,2.727e-05,0.00012356,0.029733,0.202778,0.00059646,0.242,31.2,67.8,3.17,1.731,-2.651,28
2023-05-01,nl,Nagaland,26.16,94.56,5.509e-05,0.00017262,0.046704,0.17244,0.00075496,0.4124,35.64,68.7,6.74,2.027,-6.432,67
2023-05-01,ar,Arunachal Pradesh,28.22,94.73,4.916e-05,0.00015429,0.043649,0.180834,0.00074144,0.4388,28.42,71.5,4.2,3.58,-2.188,69
2023-05-01,mz,Mizoram,23.16,92.94,3.107e-05,0.00011984,0.021849,0.193795,0.00036788,0.1882,34.2,90.7,6.24,1.205,-6.125,37
2023-05-01,sk,Sikkim,27.53,88.51,5.003e-05,0.00018346,0.037933,0.188406,0.0008516,0.3664,33.57,83.2,3.64,2.537,-2.607,60
2023-06-01,dl,Delhi,28.65,77.23,2.702e-05,8.851e-05,0.016576,0.222235,0.00021831,0.1748,32.11,73.4,6.47,6.471,-0.008,7
2023-06-01,up,Uttar Pradesh,26.85,80.91,2.5e-05,8.196e-05,0.017209,0.214572,0.00023756,0.0775,32.82,68.5,3.48,2.647,-2.264,9
2023-06-01,hr,Haryana,29.06,76.09,3.117e-05,0.00010133,0.018533,0.209723,0.00038907,0.1818,30.13,77.2,3.23,1.966,-2.566,6
2023-06-01,pb,Punjab,31.15,75.34,2.278e-05,5.221e-05,0.0118,0.207548,0.0002645,0.0671,32.05,77.3,4.14,-0.569,-4.099,8
2023-06-01,rj,Rajasthan,27.02,74.22,2.793e-05,5.401e-05,0.01675,0.21357,0.00036996,0.1906,38.09,79.3,7.17,6.907,-1.932,10
2023-06-01,mh,Maharashtra,19.75,75.71,1.69e-05,5.995e-05,0.003081,0.218579,0.00018329,0.1625,36.97,91.9,1.61,0.355,-1.573,8
2023-06-01,gj,Gujarat,22.26,71.19,8.07e-06,4.477e-05,0.009725,0.228534,0.00014233,0.0939,35.6,74.4,4.32,3.063,-3.048,3
2023-06-01,wb,West Bengal,22.99,87.85,2.145e-05,1.257e-05,0.009109,0.225395,0.00029863,0.0833,40.08,79.4,3.27,2.728,-1.811,2
2023-06-01,ka,Karnataka,15.32,75.71,1.652e-05,5.202e-05,0.011707,0.227235,0.00035484,0.1274,39.09,77.6,3.91,0.987,-3.783,5
2023-06-01,tn,Tamil Nadu,11.13,78.66,1.268e-05,1.5e-05,0.006506,0.235755,2.566e-05,0.0374,43.81,76.7,2.83,1.809,-2.182,4
2023-06-01,kl,Kerala,10.85,76.27,8.1e-06,3.64e-05,0.012033,0.225868,0.00023127,0.0248,39.4,84.1,7.52,4.054,-6.335,0
2023-06-01,br,Bihar,25.1,85.31,1.243e-05,8.061e-05,0.016748,0.219519,0.00022617,0.1687,33.01,76.2,1.38,1.351,-0.283,5
2023-06-01,mp,Madhya Pradesh,22.97,78.66,1.476e-05,5.545e-05,0.01243,0.227621,0.00016218,0.0334,35.95,77.1,3.84,1.67,-3.463,4
2023-06-01,ap,Andhra Pradesh,15.91,79.74,2.215e-05,5.952e-05,0.009133,0.225802,0.00010325,0.0519,38.15,84.9,3.01,2.311,-1.933,4
2023-06-01,tg,Telangana,18.11,79.02,1.949e-05,5.613e-05,0.015611,0.222428,0.00027316,0.1899,39.13,97.0,1.54,0.733,-1.36,2
2023-06-01,or,Odisha,20.94,84.8,1.722e-05,4.288e-05,0.012885,0.222969,0.00020514,0.1489,36.19,89.5,1.19,0.477,-1.089,7
2023-06-01,jh,Jharkhand,23.61,85.28,1.494e-05,6.055e-05,0.009838,0.243799,0.00015377,0.0783,36.15,85.9,1.93,1.921,-0.205,0
2023-06-01,ct,Chhattisgarh,21.27,81.87,1.533e-05,5.073e-05,0.016488,0.235478,0.00021639,0.0789,36.36,81.4,3.12,1.946,-2.442,1
2023-06-01,as,Assam,26.2,92.94,2.612e-05,8.789e-05,0.025116,0.215279,0.00053947,0.1693,34.01,71.8,4.6,2.074,-4.104,7
2023-06-01,ut,Uttarakhand,30.07,79.02,2.145e-05,5.391e-05,0.012791,0.210423,0.00028597,0.1522,31.91,78.8,3.93,1.43,-3.656,7
2023-06-01,hp,Himachal Pradesh,31.1,77.17,2.897e-05,6.177e-05,0.020898,0.196717,0.00043789,0.2003,32.15,84.2,1.28,0.751,-1.038,7
2023-06-01,jk,Jammu and Kashmir,33.78,76.58,1.811e-05,2.352e-05,0.01152,0.232228,0.00020252,0.0546,26.49,71.0,1.56,1.119,-1.088,3
2023-06-01,ga,Goa,15.3,74.08,1.155e-05,4.289e-05,0.011233,0.22676,0.00012138,0.094,39.83,69.9,4.42,2.507,-3.642,4
2023-06-01,tr,Tripura,23.94,91.99,1.172e-05,6.933e-05,0.003935,0.225237,0.00019204,0.1873,37.01,88.3,2.86,2.641,1.093,6
2023-06-01,ml,Meghalaya,25.47,91.37,1.436e-05,5.632e-05,0.014651,0.210048,0.00037995,0.1674,34.42,95.2,1.55,1.545,-0.108,5
2023-06-01,mn,Manipur,24.66,93.91,1.879e-05,7.137e-05,0.007851,0.206542,0.00017932,0.1326,35.31,83.9,2.84,2.293,-1.672,0
2023-06-01,nl,Nagaland,26.16,94.56,2.59e-05,7.828e-05,0.019173,0.21697,0.00022776,0.2506,31.1,85.0,3.66,2.061,-3.027,4
2023-06-01,ar,Arunachal Pradesh,28.22,94.73,1.743e-05,9.84e-05,0.02068,0.20709,0.00027131,0.1581,33.69,86.9,4.04,2.012,-3.506,9
2023-06-01,mz,Mizoram,23.16,92.94,1.352e-05,5.934e-05,0.00527,0.225484,0.00025334,0.0893,37.6,86.0,3.33,3.159,-1.062,4
2023-06-01,sk,Sikkim,27.53,88.51,2.342e-05,0.00010969,0.008659,0.216442,0.00027158,0.1131,33.91,77.1,5.66,5.454,-1.508,9
2023-07-01,dl,Delhi,28.65,77.23,2.485e-05,8.07e-05,0.015429,0.229115,0.00029358,0.1351,35.01,80.9,5.28,3.139,-4.245,4
2023-07-01,up,Uttar Pradesh,26.85,80.91,1.388e-05,8.465e-05,0.008886,0.22363,0.00030837,0.0912,38.96,78.8,5.24,4.443,2.779,6
2023-07-01,hr,Haryana,29.06,76.09,1.401e-05,7.195e-05,0.014819,0.226621,0.00035541,0.1011,35.41,83.4,2.42,1.0,-2.208,6
2023-07-01,pb,Punjab,31.15,75.34,2.16e-05,8.819e-05,0.016417,0.208721,0.00054845,0.2327,29.19,68.7,4.95,2.481,-4.287,6
2023-07-01,rj,Rajasthan,27.02,74.22,2.53e-05,7.752e-05,0.021155,0.213929,0.00031293,0.212,37.18,70.8,1.45,0.737,-1.244,4
2023-07-01,mh,Maharashtra,19.75,75.71,2.247e-05,4.344e-05,0.00922,0.226726,0.00010776,0.0576,40.41,98,5.18,2.72,-4.41,2
2023-07-01,gj,Gujarat,22.26,71.19,2.095e-05,4.953e-05,0.01358,0.224191,0.00015125,0.1086,34.58,71.6,2.59,2.123,-1.487,5
2023-07-01,wb,West Bengal,22.99,87.85,7.4e-06,4.55e-05,0.010556,0.232167,0.00027072,0.1241,36.27,80.8,3.7,1.985,-3.12,8
2023-07-01,ka,Karnataka,15.32,75.71,6.29e-06,4.34e-05,0.004245,0.232392,0.00015939,0.1237,40.71,73.0,5.26,0.896,-5.188,4
2023-07-01,tn,Tamil Nadu,11.13,78.66,7.3e-06,3.964e-05,0.00871,0.210959,8.283e-05,0.0771,44.46,81.2,5.97,3.702,-4.679,3
2023-07-01,kl,Kerala,10.85,76.27,4.28e-06,1.804e-05,0.005451,0.226115,0.00013462,0.02,43.43,78.1,4.67,2.412,-3.998,1
2023-07-01,br,Bihar,25.1,85.31,2.554e-05,4.262e-05,0.013996,0.209758,0.00026129,0.1079,34.49,82.9,2.28,2.041,-1.026,4
2023-07-01,mp,Madhya Pradesh,22.97,78.66,1.1e-05,3.759e-05,0.009988,0.230046,0.00018037,0.1198,35.68,67.7,3.29,2.627,-1.978,3
2023-07-01,ap,Andhra Pradesh,15.91,79.74,1.709e-05,4.123e-05,0.006628,0.234803,0.00023484,0.0793,40.12,73.2,5.51,5.231,-1.729,5
2023-07-01,tg,Telangana,18.11,79.02,1.658e-05,6.403e-05,0.011016,0.226992,4.457e-05,0.0779,35.64,84.4,3.38,2.425,-2.352,9
2023-07-01,or,Odisha,20.94,84.8,1.417e-05,3.915e-05,0.012641,0.231445,0.00027416,0.0856,34.13,72.9,3.77,3.754,-0.392,8
2023-07-01,jh,Jharkhand,23.61,85.28,1.003e-05,8.337e-05,0.016234,0.226567,2.356e-05,0.0727,39.21,85.7,4.01,1.357,-3.774,8
2023-07-01,ct,Chhattisgarh,21.27,81.87,1.292e-05,5.312e-05,0.006296,0.240511,0.00019809,0.0999,41.0,70.3,3.27,1.858,-2.689,0
2023-07-01,as,Assam,26.2,92.94,1.873e-05,7.421e-05,0.015324,0.224383,0.00026067,0.1883,33.51,87.8,3.71,3.439,-1.393,13
2023-07-01,ut,Uttarakhand,30.07,79.02,1.185e-05,0.0001136,0.015332,0.237997,0.00024192,0.183,32.19,80.7,3.15,1.646,-2.689,2
2023-07-01,hp,Himachal Pradesh,31.1,77.17,1.934e-05,9.049e-05,0.018126,0.221591,0.00029854,0.206,33.1,74.2,2.79,1.893,-2.056,10
2023-07-01,jk,Jammu and Kashmir,33.78,76.58,1.528e-05,5.815e-05,0.012438,0.224321,0.00014106,0.1159,28.91,72.8,2.79,2.738,-0.523,6
2023-07-01,ga,Goa,15.3,74.08,8.91e-06,4.713e-05,0.007935,0.242549,0.00013392,0.1418,38.24,72.9,2.74,2.716,-0.344,6
2023-07-01,tr,Tripura,23.94,91.99,1.667e-05,4.484e-05,0.011808,0.228959,0.00018391,0.2401,36.05,80.3,6.19,5.96,-1.667,8
2023-07-01,ml,Meghalaya,25.47,91.37,1.849e-05,9.598e-05,0.013983,0.227569,0.00034737,0.1228,33.91,80.8,3.66,1.498,-3.337,5
2023-07-01,mn,Manipur,24.66,93.91,4.04e-06,2.547e-05,0.007738,0.230992,0.00028454,0.152,35.85,86.4,0.5,0.257,-0.429,5
2023-07-01,nl,Nagaland,26.16,94.56,1.706e-05,5.021e-05,0.009984,0.237384,0.0003622,0.1892,34.94,72.4,4.83,3.372,-3.461,7
2023-07-01,ar,Arunachal Pradesh,28.22,94.73,2.378e-05,7.709e-05,0.012915,0.220203,0.00044265,0.1322,30.24,79.8,4.36,3.114,-3.048,3
2023-07-01,mz,Mizoram,23.16,92.94,1.742e-05,4.124e-05,0.010962,0.231395,0.00029492,0.1263,34.21,70.2,4.42,-0.014,-4.416,7
2023-07-01,sk,Sikkim,27.53,88.51,1.424e-05,3.62e-05,0.014147,0.218442,0.0003435,0.2441,31.26,72.7,4.02,0.331,-4.01,8
2023-08-01,dl,Delhi,28.65,77.23,3.569e-05,7.87e-05,0.021219,0.226955,0.00030893,0.1521,31.22,55.1,6.47,3.28,-5.575,9
2023-08-01,up,Uttar Pradesh,26.85,80.91,1.88e-05,9.655e-05,0.01525,0.209618,0.00028763,0.0811,33.49,66.5,3.41,0.272,-3.395,6
2023-08-01,hr,Haryana,29.06,76.09,1.607e-05,6.568e-05,0.015209,0.210743,0.00021764,0.1838,33.93,57.1,6.13,5.494,-2.709,7
2023-08-01,pb,Punjab,31.15,75.34,6.94e-06,3.658e-05,0.013138,0.217646,0.00021653,0.1139,28.07,76.7,5.6,3.574,-4.318,5
2023-08-01,rj,Rajasthan,27.02,74.22,2.92e-05,6.32e-05,0.02046,0.215274,0.00044527,0.158,36.02,58.5,6.68,5.467,-3.83,7
2023-08-01,mh,Maharashtra,19.75,75.71,1.729e-05,4.6e-05,0.010505,0.216809,0.00026436,0.0459,37.06,63.4,4.85,4.712,-1.151,7
2023-08-01,gj,Gujarat,22.26,71.19,1.637e-05,7.698e-05,0.016867,0.228353,0.0002476,0.1676,34.95,70.6,6.69,2.307,-6.278,0
2023-08-01,wb,West Bengal,22.99,87.85,1.207e-05,3.836e-05,0.012486,0.212825,0.00031061,0.1094,36.23,60.9,5.27,4.582,-2.603,3
2023-08-01,ka,Karnataka,15.32,75.71,2.846e-05,4.952e-05,0.014568,0.227164,0.00022234,0.2098,38.08,76.5,5.0,3.599,-3.475,2
2023-08-01,tn,Tamil Nadu,11.13,78.66,7.2e-06,1.082e-05,0.004424,0.231632,8.703e-05,0.1318,39.38,67.5,4.17,1.864,-3.73,4
2023-08-01,kl,Kerala,10.85,76.27,1.7e-05,0,0.010243,0.23168,0.0002039,0.02,43.45,73.5,4.13,4.065,-0.73,12
2023-08-01,br,Bihar,25.1,85.31,2.977e-05,0.00011816,0.013755,0.203485,0.00035406,0.0737,38.27,70.6,4.34,4.301,-0.595,11
2023-08-01,mp,Madhya Pradesh,22.97,78.66,6.16e-06,2.896e-05,0.010024,0.22735,0.00016843,0.1221,36.42,55.7,3.88,1.254,-3.671,4
2023-08-01,ap,Andhra Pradesh,15.91,79.74,1.387e-05,4.582e-05,0.004607,0.230425,0.00022702,0.0352,39.41,47.3,3.13,2.461,-1.938,7
2023-08-01,tg,Telangana,18.11,79.02,1.449e-05,5.037e-05,0.00663,0.213514,0.00018663,0.0747,38.79,61.4,4.95,4.167,-2.676,2
2023-08-01,or,Odisha,20.94,84.8,1.997e-05,4.835e-05,0.020041,0.232314,0.00025529,0.0296,37.44,67.5,5.67,4.373,-3.609,3
2023-08-01,jh,Jharkhand,23.61,85.28,1.747e-05,0,0.011367,0.240024,8.791e-05,0.1263,33.5,59.2,3.85,3.791,0.657,6
2023-08-01,ct,Chhattisgarh,21.27,81.87,1.707e-05,4.781e-05,0.012561,0.235149,0.00017977,0.1129,36.81,62.8,4.22,-0.354,-4.206,2
2023-08-01,as,Assam,26.2,92.94,1.872e-05,5.724e-05,0.014693,0.224478,0.00028297,0.2445,36.54,69.9,4.03,3.792,-1.374,4
2023-08-01,ut,Uttarakhand,30.07,79.02,2.032e-05,6.697e-05,0.013664,0.229829,0.00020238,0.0601,29.26,74.2,0.5,0.387,-0.317,5
2023-08-01,hp,Himachal Pradesh,31.1,77.17,2.79e-05,6.604e-05,0.014882,0.219742,0.00033555,0.1952,34.13,59.0,8.32,8.152,-1.681,2
2023-08-01,jk,Jammu and Kashmir,33.78,76.58,1.593e-05,6.906e-05,0.012274,0.218524,0.00022245,0.1701,25.95,92.7,5.73,4.757,-3.197,10
2023-08-01,ga,Goa,15.3,74.08,1.023e-05,8.538e-05,0.012539,0.219344,0.00013159,0.0651,37.85,50.7,6.29,5.04,-3.768,8
2023-08-01,tr,Tripura,23.94,91.99,1.236e-05,7.203e-05,0.018575,0.232,0.00016388,0.0821,37.12,72.4,4.59,3.621,-2.815,8
2023-08-01,ml,Meghalaya,25.47,91.37,1.848e-05,7.072e-05,0.011246,0.204268,0.00031742,0.0896,36.83,69.0,6.25,2.062,-5.896,11
2023-08-01,mn,Manipur,24.66,93.91,9.07e-06,2.561e-05,0.017408,0.219358,0.00029318,0.1144,35.62,78.2,7.06,6.386,-3.0,0
2023-08-01,nl,Nagaland,26.16,94.56,3.063e-05,7.317e-05,0.021251,0.210167,0.00038071,0.2307,34.62,73.6,3.7,1.88,-3.192,6
2023-08-01,ar,Arunachal Pradesh,28.22,94.73,1.497e-05,0.00014455,0.019045,0.222814,0.00044709,0.3084,30.33,69.4,5.9,5.125,-2.932,7
2023-08-01,mz,Mizoram,23.16,92.94,1.679e-05,0.00011057,0.014307,0.238316,0.00035365,0.1538,32.67,54.7,2.89,2.299,-1.748,5
2023-08-01,sk,Sikkim,27.53,88.51,2.058e-05,8.39e-05,0.013389,0.218451,8.432e-05,0.1773,31.62,60.2,5.3,5.058,-1.59,9
2023-09-01,dl,Delhi,28.65,77.23,2.583e-05,8.149e-05,0.024459,0.219163,0.00040441,0.2348,30.42,54.1,4.7,4.431,-1.568,7
2023-09-01,up,Uttar Pradesh,26.85,80.91,1.924e-05,6.45e-05,0.015905,0.211783,0.00040278,0.2102,30.15,58.6,3.44,3.019,-1.648,8
2023-09-01,hr,Haryana,29.06,76.09,1.798e-05,3.463e-05,0.01362,0.226527,0.00030676,0.1544,26.02,48.3,4.81,4.468,-1.775,5
2023-09-01,pb,Punjab,31.15,75.34,2.635e-05,8.548e-05,0.018164,0.217953,0.00044369,0.259,30.32,52.1,5.41,0.092,-5.409,8
2023-09-01,rj,Rajasthan,27.02,74.22,2.206e-05,9.964e-05,0.010577,0.227927,0.00027412,0.1837,30.73,61.3,6.32,5.677,-2.778,7
2023-09-01,mh,Maharashtra,19.75,75.71,1.107e-05,0,0.007166,0.218136,0.00014852,0.1421,31.02,46.4,4.91,4.546,-1.853,2
2023-09-01,gj,Gujarat,22.26,71.19,1.467e-05,5.837e-05,0.015798,0.215589,9.015e-05,0.1177,33.81,43.6,3.45,1.957,-2.838,5
2023-09-01,wb,West Bengal,22.99,87.85,1.431e-05,9.543e-05,0.011473,0.228004,0.00033308,0.1775,32.35,66.2,3.96,3.312,-2.177,2
2023-09-01,ka,Karnataka,15.32,75.71,1.847e-05,5.403e-05,0.009751,0.227848,0.00023558,0.1562,32.41,59.2,4.48,0.327,-4.465,1
2023-09-01,tn,Tamil Nadu,11.13,78.66,6.83e-06,0,0.002753,0.249127,5.155e-05,0.0328,38.08,52.8,5.81,2.713,-5.138,5
2023-09-01,kl,Kerala,10.85,76.27,6.82e-06,2.356e-05,0.00537,0.236287,2.851e-05,0.02,42.65,59.1,3.46,3.116,-1.502,2
2023-09-01,br,Bihar,25.1,85.31,1.398e-05,9.351e-05,0.015702,0.212279,0.00048795,0.1727,30.59,57.9,3.41,3.322,-0.765,6
2023-09-01,mp,Madhya Pradesh,22.97,78.66,1.565e-05,7.643e-05,0.010448,0.219164,0.00029166,0.2068,32.32,41.5,5.87,0.386,-5.856,3
2023-09-01,ap,Andhra Pradesh,15.91,79.74,1.24e-05,3.268e-05,0.008986,0.236738,6.691e-05,0.1227,36.28,62.6,1.52,1.078,-1.074,8
2023-09-01,tg,Telangana,18.11,79.02,1.58e-05,4.267e-05,0.013676,0.214095,0.00023885,0.1016,36.84,56.5,3.22,1.827,-2.653,7
2023-09-01,or,Odisha,20.94,84.8,8.12e-06,6.633e-05,0.014695,0.226602,8.123e-05,0.0817,35.46,60.4,5.67,5.53,1.251,3
2023-09-01,jh,Jharkhand,23.61,85.28,1.329e-05,3.731e-05,0.010228,0.225406,0.00026208,0.0235,36.59,56.0,2.78,0.601,-2.712,7
2023-09-01,ct,Chhattisgarh,21.27,81.87,1.634e-05,3.748e-05,0.018891,0.218161,0.00018792,0.0822,34.66,54.9,5.68,1.97,-5.329,0
2023-09-01,as,Assam,26.2,92.94,1.284e-05,6.71e-05,0.016029,0.212778,0.00025138,0.0895,30.61,58.7,8.12,7.997,-1.416,3
2023-09-01,ut,Uttarakhand,30.07,79.02,1.256e-05,8.256e-05,0.012879,0.227189,0.00042833,0.2177,26.83,58.5,2.08,0.739,-1.942,4
2023-09-01,hp,Himachal Pradesh,31.1,77.17,2.924e-05,8.671e-05,0.015522,0.217797,0.000521,0.1984,27.28,52.7,3.84,1.561,-3.513,3
2023-09-01,jk,Jammu and Kashmir,33.78,76.58,1.495e-05,4.654e-05,0.008885,0.231324,0.00013813,0.1429,26.22,58.4,4.45,2.981,-3.306,10
2023-09-01,ga,Goa,15.3,74.08,1.892e-05,8.186e-05,0.01065,0.226678,0.00016777,0.1783,35.11,68.2,3.43,3.117,-1.432,3
2023-09-01,tr,Tripura,23.94,91.99,2.318e-05,6.497e-05,0.006897,0.228701,0.00020622,0.1438,30.52,60.3,2.91,1.949,-2.164,5
2023-09-01,ml,Meghalaya,25.47,91.37,2.675e-05,0.00010583,0.012059,0.20675,0.00032825,0.1913,30.52,41.4,1.89,1.41,-1.256,9
2023-09-01,mn,Manipur,24.66,93.91,1.689e-05,3.113e-05,0.012545,0.235824,0.00028416,0.02,31.89,64.4,5.09,2.12,-4.626,2
2023-09-01,nl,Nagaland,26.16,94.56,3.045e-05,9.642e-05,0.019082,0.212977,0.0003612,0.2794,32.02,66.2,3.21,1.544,-2.81,6
2023-09-01,ar,Arunachal Pradesh,28.22,94.73,1.367e-05,5.138e-05,0.011883,0.224521,0.00022231,0.108,33.01,49.0,3.22,2.789,1.619,1
2023-09-01,mz,Mizoram,23.16,92.94,1.674e-05,3.327e-05,0.011967,0.244753,0.00027351,0.0672,32.86,67.8,5.66,5.586,-0.9,3
2023-09-01,sk,Sikkim,27.53,88.51,1.967e-05,0.00011281,0.016641,0.217732,0.0004336,0.3065,32.18,48.9,2.14,2.141,0.02,8
2023-10-01,dl,Delhi,28.65,77.23,6.537e-05,0.00023608,0.05321,0.177302,0.00106619,0.4747,24.12,32.5,3.74,3.733,-0.287,339
2023-10-01,up,Uttar Pradesh,26.85,80.91,7.74e-05,0.00024811,0.05117,0.171929,0.00113681,0.5139,28.06,37.2,3.85,2.36,-3.047,312
2023-10-01,hr,Haryana,29.06,76.09,7.067e-05,0.00027669,0.048185,0.170976,0.00098005,0.3869,26.99,32.3,4.39,3.615,-2.484,287
2023-10-01,pb,Punjab,31.15,75.34,6.566e-05,0.00023421,0.056238,0.169309,0.00112673,0.4983,25.15,48.9,4.3,3.45,-2.574,293
2023-10-01,rj,Rajasthan,27.02,74.22,7.173e-05,0.00023954,0.053826,0.156839,0.00116198,0.5531,23.91,46.8,4.48,2.622,-3.631,308
2023-10-01,mh,Maharashtra,19.75,75.71,4.189e-05,0.0001691,0.031443,0.182165,0.00080673,0.3423,27.37,43.6,3.3,2.186,-2.468,4
2023-10-01,gj,Gujarat,22.26,71.19,5.139e-05,0.00018409,0.030165,0.182239,0.00074167,0.3186,27.5,47.7,6.24,4.998,-3.738,9
2023-10-01,wb,West Bengal,22.99,87.85,3.148e-05,0.00015573,0.029949,0.193776,0.00068736,0.3034,30.24,39.1,1.83,1.39,-1.195,1
2023-10-01,ka,Karnataka,15.32,75.71,5.333e-05,0.00015344,0.030902,0.201007,0.00071121,0.3069,31.54,37.4,2.72,2.699,-0.372,0
2023-10-01,tn,Tamil Nadu,11.13,78.66,3.611e-05,0.00012917,0.022723,0.217949,0.00059771,0.273,31.2,50.8,4.79,3.646,-3.108,11
2023-10-01,kl,Kerala,10.85,76.27,2.108e-05,6.717e-05,0.017625,0.2239,0.00040848,0.1214,35.93,35.7,5.29,4.937,-1.907,2
2023-10-01,br,Bihar,25.1,85.31,7.042e-05,0.00025672,0.051666,0.156786,0.00106895,0.4966,29.69,45.7,6.16,5.859,-1.889,316
2023-10-01,mp,Madhya Pradesh,22.97,78.66,4.331e-05,0.000167,0.026394,0.192304,0.00055058,0.315,28.31,38.7,4.06,1.639,-3.717,1
2023-10-01,ap,Andhra Pradesh,15.91,79.74,5.665e-05,0.00016081,0.038341,0.18913,0.0007427,0.3624,32.99,39.9,1.65,1.612,-0.365,7
2023-10-01,tg,Telangana,18.11,79.02,4.784e-05,0.00014002,0.025895,0.199169,0.00067272,0.286,27.02,51.9,5.04,0.953,-4.954,5
2023-10-01,or,Odisha,20.94,84.8,4.119e-05,0.00017015,0.032854,0.182224,0.00073315,0.4445,30.94,47.4,2.54,-0.973,-2.345,4
2023-10-01,jh,Jharkhand,23.61,85.28,3.611e-05,0.00013291,0.032941,0.201242,0.00054584,0.2477,26.22,42.3,7.31,4.341,-5.882,5
2023-10-01,ct,Chhattisgarh,21.27,81.87,4.476e-05,0.00018871,0.034211,0.195384,0.00082735,0.3225,26.2,38.7,6.22,6.02,-1.576,1
2023-10-01,as,Assam,26.2,92.94,8.109e-05,0.0002974,0.055707,0.165904,0.00113509,0.4394,23.94,26.2,1.69,1.172,-1.219,320
2023-10-01,ut,Uttarakhand,30.07,79.02,7.319e-05,0.00021654,0.048782,0.155467,0.00118106,0.5292,23.59,50.8,1.77,1.095,-1.387,318
2023-10-01,hp,Himachal Pradesh,31.1,77.17,7.287e-05,0.00027268,0.051518,0.173271,0.00110406,0.5977,23.84,36.3,4.01,2.43,-3.188,330
2023-10-01,jk,Jammu and Kashmir,33.78,76.58,4.594e-05,0.00016219,0.028351,0.190061,0.00065291,0.3502,26.6,44.5,2.82,0.486,-2.78,0
2023-10-01,ga,Goa,15.3,74.08,5.785e-05,0.00013864,0.030479,0.203374,0.0007633,0.3225,29.82,32.9,5.93,0.4,-5.921,8
2023-10-01,tr,Tripura,23.94,91.99,4.241e-05,0.00016035,0.029467,0.181115,0.00064752,0.3731,27.66,47.8,6.04,4.77,-3.706,6
2023-10-01,ml,Meghalaya,25.47,91.37,6.609e-05,0.00025737,0.05403,0.173839,0.00112658,0.5579,26.97,38.0,4.75,4.368,-1.874,359
2023-10-01,mn,Manipur,24.66,93.91,4.995e-05,0.00014656,0.030114,0.185607,0.0006945,0.3401,25.96,43.5,4.94,4.82,-1.08,6
2023-10-01,nl,Nagaland,26.16,94.56,7.515e-05,0.00025524,0.05218,0.172741,0.00109841,0.5426,26.96,32.7,6.79,4.704,-4.902,324
2023-10-01,ar,Arunachal Pradesh,28.22,94.73,7.411e-05,0.00027711,0.050653,0.14906,0.00102636,0.5118,24.29,59.1,2.18,0.63,-2.086,334
2023-10-01,mz,Mizoram,23.16,92.94,5.187e-05,0.00013114,0.027593,0.20496,0.00066854,0.3192,29.47,39.4,0.5,0.312,-0.391,8
2023-10-01,sk,Sikkim,27.53,88.51,7.958e-05,0.00026291,0.05087,0.171684,0.00092149,0.47,26.66,30.4,3.45,3.43,0.376,295
2023-11-01,dl,Delhi,28.65,77.23,0.00010975,0.00036492,0.075826,0.128879,0.00174828,0.793,22.38,23.5,3.04,1.753,-2.483,336
2023-11-01,up,Uttar Pradesh,26.85,80.91,0.0001078,0.00038237,0.073939,0.123029,0.00159131,0.6728,20.3,22.7,2.81,2.686,0.811,337
2023-11-01,hr,Haryana,29.06,76.09,9.46e-05,0.00033473,0.068363,0.133457,0.0014042,0.7256,19.03,35.0,4.98,4.602,-1.898,338
2023-11-01,pb,Punjab,31.15,75.34,0.00010016,0.00034444,0.069865,0.134413,0.00154409,0.6729,23.92,23.7,3.37,2.471,-2.292,307
2023-11-01,rj,Rajasthan,27.02,74.22,0.00010747,0.00034909,0.073819,0.1163,0.00157964,0.7818,21.03,25.7,4.56,4.064,-2.074,328
2023-11-01,mh,Maharashtra,19.75,75.71,5.571e-05,0.00021271,0.03623,0.190833,0.00077063,0.4737,26.05,27.0,3.62,3.05,-1.948,5
2023-11-01,gj,Gujarat,22.26,71.19,6.169e-05,0.00022827,0.05029,0.180375,0.00112959,0.5134,26.29,29.2,2.02,1.709,-1.082,3
2023-11-01,wb,West Bengal,22.99,87.85,7.014e-05,0.00020765,0.047624,0.173547,0.00100785,0.4574,25.92,32.8,2.4,1.931,-1.421,3
2023-11-01,ka,Karnataka,15.32,75.71,7.027e-05,0.0002117,0.045713,0.177143,0.00099411,0.4634,25.33,23.8,4.52,2.41,-3.824,2
2023-11-01,tn,Tamil Nadu,11.13,78.66,3.721e-05,0.00013424,0.027514,0.19875,0.00059856,0.2281,29.43,20,2.25,0.367,-2.22,1
2023-11-01,kl,Kerala,10.85,76.27,4.255e-05,0.00012445,0.030714,0.210578,0.00064979,0.2573,28.24,35.5,2.59,2.372,-1.036,0
2023-11-01,br,Bihar,25.1,85.31,0.00010092,0.00038653,0.081113,0.122936,0.00173268,0.8496,22.52,46.1,3.51,1.018,-3.356,326
2023-11-01,mp,Madhya Pradesh,22.97,78.66,5.727e-05,0.00020306,0.041583,0.18098,0.00097499,0.527,23.07,40.2,3.56,2.626,-2.398,7
2023-11-01,ap,Andhra Pradesh,15.91,79.74,6.531e-05,0.00018849,0.046282,0.175446,0.00098096,0.4407,27.71,29.0,2.82,0.61,-2.757,0
2023-11-01,tg,Telangana,18.11,79.02,5.546e-05,0.00024738,0.042382,0.174194,0.00105596,0.409,24.24,34.6,3.18,2.241,-2.256,5
2023-11-01,or,Odisha,20.94,84.8,6.674e-05,0.00022597,0.048308,0.164892,0.00111841,0.491,26.51,38.1,1.78,0.339,-1.748,5
2023-11-01,jh,Jharkhand,23.61,85.28,6.396e-05,0.00023424,0.042989,0.1797,0.0008839,0.4079,23.81,31.7,3.54,2.303,-2.692,4
2023-11-01,ct,Chhattisgarh,21.27,81.87,7.256e-05,0.0002171,0.047324,0.181271,0.0011057,0.4743,23.98,40.8,4.84,4.67,1.272,4
2023-11-01,as,Assam,26.2,92.94,9.011e-05,0.00031246,0.070299,0.135362,0.00149494,0.6618,22.6,26.1,2.08,1.736,-1.147,335
2023-11-01,ut,Uttarakhand,30.07,79.02,9.35e-05,0.00031886,0.060547,0.144873,0.0014144,0.6797,22.26,31.7,3.72,2.952,-2.265,284
2023-11-01,hp,Himachal Pradesh,31.1,77.17,9.667e-05,0.00033539,0.068728,0.130271,0.00146417,0.5858,18.54,32.3,5.77,4.726,-3.318,323
2023-11-01,jk,Jammu and Kashmir,33.78,76.58,7.598e-05,0.00021031,0.050612,0.170298,0.00091844,0.4715,18.25,39.4,5.27,4.128,-3.282,10
2023-11-01,ga,Goa,15.3,74.08,6.363e-05,0.00019126,0.044595,0.189982,0.00096808,0.3647,28.53,34.0,2.71,0.34,-2.687,3
2023-11-01,tr,Tripura,23.94,91.99,6.251e-05,0.00019056,0.039678,0.185317,0.00084769,0.3888,25.23,27.7,1.72,0.003,-1.72,7
2023-11-01,ml,Meghalaya,25.47,91.37,9.518e-05,0.00033349,0.069595,0.145289,0.00151621,0.6272,25.06,24.1,3.98,0.852,-3.885,311
2023-11-01,mn,Manipur,24.66,93.91,5.618e-05,0.00018755,0.04374,0.167567,0.00088855,0.4135,22.53,34.2,3.97,3.404,-2.035,5
2023-11-01,nl,Nagaland,26.16,94.56,0.00011271,0.0003808,0.078906,0.128495,0.00154738,0.8776,21.09,27.0,3.52,0.349,-3.499,352
2023-11-01,ar,Arunachal Pradesh,28.22,94.73,0.00010005,0.0003624,0.077866,0.136085,0.00155899,0.8029,22.46,27.6,3.89,2.935,-2.556,322
2023-11-01,mz,Mizoram,23.16,92.94,6.228e-05,0.00020351,0.04761,0.178676,0.00088422,0.4639,22.35,28.4,3.95,2.195,-3.288,7
2023-11-01,sk,Sikkim,27.53,88.51,0.00011599,0.00036045,0.087578,0.121138,0.001896,0.8522,26.57,27.8,3.47,1.896,-2.907,341
2023-12-01,dl,Delhi,28.65,77.23,9.739e-05,0.00029294,0.069388,0.144193,0.00143705,0.5745,16.96,20,1.63,0.691,-1.474,8
2023-12-01,up,Uttar Pradesh,26.85,80.91,8.665e-05,0.00033673,0.070625,0.140001,0.00158177,0.6028,14.87,27.4,3.03,0.782,-2.925,14
2023-12-01,hr,Haryana,29.06,76.09,9.683e-05,0.00031247,0.07158,0.148922,0.00150612,0.6604,20.61,26.2,2.07,2.064,0.203,6
2023-12-01,pb,Punjab,31.15,75.34,0.00012231,0.00036474,0.078782,0.125087,0.00157116,0.7967,18.79,30.0,6.08,4.854,-3.666,9
2023-12-01,rj,Rajasthan,27.02,74.22,0.00010906,0.00036257,0.080788,0.114197,0.00185855,0.8196,17.87,23.6,7.18,4.534,-5.574,10
2023-12-01,mh,Maharashtra,19.75,75.71,6.552e-05,0.00025326,0.048619,0.170055,0.00119985,0.5829,24.39,20.1,4.25,1.1,-4.109,4
2023-12-01,gj,Gujarat,22.26,71.19,7.184e-05,0.00027372,0.045799,0.1641,0.0010264,0.4615,22.59,40.2,3.06,3.025,-0.438,4
2023-12-01,wb,West Bengal,22.99,87.85,6.561e-05,0.00017627,0.043112,0.172726,0.00100234,0.4428,24.59,20,6.12,4.053,-4.581,6
2023-12-01,ka,Karnataka,15.32,75.71,5.464e-05,0.00019168,0.043238,0.184238,0.00091643,0.4661,24.59,33.1,4.83,3.145,-3.661,5
2023-12-01,tn,Tamil Nadu,11.13,78.66,3.799e-05,0.0001544,0.026291,0.195331,0.00050506,0.2724,29.95,22.7,3.37,2.221,-2.541,2
2023-12-01,kl,Kerala,10.85,76.27,3.653e-05,0.00012217,0.02733,0.205096,0.00046069,0.2448,27.63,31.6,6.18,6.171,-0.364,4
2023-12-01,br,Bihar,25.1,85.31,0.00010365,0.00037388,0.079226,0.125266,0.00173523,0.6644,20.78,36.0,3.06,1.771,-2.496,12
2023-12-01,mp,Madhya Pradesh,22.97,78.66,6.252e-05,0.00023051,0.039237,0.189954,0.00077183,0.3722,22.66,32.1,4.18,3.95,-1.364,4
2023-12-01,ap,Andhra Pradesh,15.91,79.74,6.884e-05,0.00022005,0.049672,0.178064,0.00096413,0.3536,22.42,25.6,4.49,4.486,0.226,5
2023-12-01,tg,Telangana,18.11,79.02,7.25e-05,0.00021242,0.048209,0.175198,0.00104882,0.4771,25.84,23.0,5.49,4.203,-3.529,5
2023-12-01,or,Odisha,20.94,84.8,5.76e-05,0.00022095,0.046248,0.183797,0.00089237,0.4269,24.24,27.0,3.43,2.583,-2.26,4
2023-12-01,jh,Jharkhand,23.61,85.28,6.812e-05,0.00021021,0.038579,0.176088,0.00096424,0.4563,16.3,37.2,3.7,1.695,-3.286,1
2023-12-01,ct,Chhattisgarh,21.27,81.87,6.084e-05,0.00020011,0.044929,0.168838,0.00096695,0.4279,24.48,32.9,2.47,1.22,-2.153,6
2023-12-01,as,Assam,26.2,92.94,9.425e-05,0.00027427,0.062676,0.154524,0.00160069,0.6514,22.12,27.0,5.59,4.076,-3.824,6
2023-12-01,ut,Uttarakhand,30.07,79.02,9.184e-05,0.00028109,0.065129,0.145362,0.0014176,0.627,16.06,25.5,4.81,2.063,-4.346,8
2023-12-01,hp,Himachal Pradesh,31.1,77.17,0.00011488,0.00035625,0.07907,0.137474,0.00179288,0.7533,18.29,26.0,3.47,3.467,-0.219,6
2023-12-01,jk,Jammu and Kashmir,33.78,76.58,6.203e-05,0.0002234,0.046777,0.182855,0.00104738,0.4714,17.04,28.5,6.36,4.245,-4.736,2
2023-12-01,ga,Goa,15.3,74.08,5.354e-05,0.00019997,0.039478,0.193511,0.00100244,0.4144,25.88,23.1,6.05,-1.712,-5.8,9
2023-12-01,tr,Tripura,23.94,91.99,5.998e-05,0.00018259,0.041079,0.189395,0.00077194,0.4192,20.2,30.7,2.87,2.178,-1.872,1
2023-12-01,ml,Meghalaya,25.47,91.37,9.161e-05,0.000351,0.062946,0.134205,0.00145115,0.7267,19.66,36.5,3.7,2.307,-2.889,10
2023-12-01,mn,Manipur,24.66,93.91,5.722e-05,0.00019558,0.041006,0.190897,0.00083202,0.4303,21.7,25.2,3.01,2.528,-1.644,7
2023-12-01,nl,Nagaland,26.16,94.56,9.708e-05,0.00032815,0.069008,0.132768,0.0014391,0.6556,20.98,32.5,5.75,5.316,-2.188,17
2023-12-01,ar,Arunachal Pradesh,28.22,94.73,9.073e-05,0.00031654,0.066252,0.14037,0.00149837,0.7147,24.58,33.2,1.55,1.287,-0.867,4
2023-12-01,mz,Mizoram,23.16,92.94,5.695e-05,0.00018378,0.046183,0.192443,0.000837,0.4242,20.63,41.9,4.36,3.879,-1.983,2
2023-12-01,sk,Sikkim,27.53,88.51,0.00010637,0.00036379,0.069286,0.141632,0.00158672,0.7013,20.81,29.8,4.04,1.775,-3.631,6
